"Time","Median Home Value per Square Foot Alameda California  - Value
  - $/sqft","Median Home Value per Square Foot Amador California  - Value
  - $/sqft","Median Home Value per Square Foot Butte California  - Value
  - $/sqft","Median Home Value per Square Foot Calaveras California  - Value
  - $/sqft","Median Home Value per Square Foot Colusa California  - Value
  - $/sqft","Median Home Value per Square Foot Contra Costa California  - Value
  - $/sqft","Median Home Value per Square Foot Del Norte California  - Value
  - $/sqft","Median Home Value per Square Foot El Dorado California  - Value
  - $/sqft","Median Home Value per Square Foot Fresno California  - Value
  - $/sqft","Median Home Value per Square Foot Glenn California  - Value
  - $/sqft","Median Home Value per Square Foot Humboldt California  - Value
  - $/sqft","Median Home Value per Square Foot Imperial California  - Value
  - $/sqft","Median Home Value per Square Foot Kern California  - Value
  - $/sqft","Median Home Value per Square Foot Kings California  - Value
  - $/sqft","Median Home Value per Square Foot Lake California  - Value
  - $/sqft","Median Home Value per Square Foot Lassen California  - Value
  - $/sqft","Median Home Value per Square Foot Los Angeles California  - Value
  - $/sqft","Median Home Value per Square Foot Madera California  - Value
  - $/sqft","Median Home Value per Square Foot Marin California  - Value
  - $/sqft","Median Home Value per Square Foot Mariposa California  - Value
  - $/sqft","Median Home Value per Square Foot Mendocino California  - Value
  - $/sqft","Median Home Value per Square Foot Mono California  - Value
  - $/sqft","Median Home Value per Square Foot Monterey California  - Value
  - $/sqft","Median Home Value per Square Foot Napa California  - Value
  - $/sqft","Median Home Value per Square Foot Nevada California  - Value
  - $/sqft","Median Home Value per Square Foot Orange California  - Value
  - $/sqft","Median Home Value per Square Foot Placer California  - Value
  - $/sqft","Median Home Value per Square Foot Plumas California  - Value
  - $/sqft","Median Home Value per Square Foot Riverside California  - Value
  - $/sqft","Median Home Value per Square Foot Sacramento California  - Value
  - $/sqft","Median Home Value per Square Foot San Benito California  - Value
  - $/sqft","Median Home Value per Square Foot San Bernardino California  - Value
  - $/sqft","Median Home Value per Square Foot San Diego California  - Value
  - $/sqft","Median Home Value per Square Foot San Francisco California  - Value
  - $/sqft","Median Home Value per Square Foot San Joaquin California  - Value
  - $/sqft","Median Home Value per Square Foot San Luis Obispo California  - Value
  - $/sqft","Median Home Value per Square Foot San Mateo California  - Value
  - $/sqft","Median Home Value per Square Foot Santa Barbara California  - Value
  - $/sqft","Median Home Value per Square Foot Santa Clara California  - Value
  - $/sqft","Median Home Value per Square Foot Santa Cruz California  - Value
  - $/sqft","Median Home Value per Square Foot Shasta California  - Value
  - $/sqft","Median Home Value per Square Foot Siskiyou California  - Value
  - $/sqft","Median Home Value per Square Foot Solano California  - Value
  - $/sqft","Median Home Value per Square Foot Sonoma California  - Value
  - $/sqft","Median Home Value per Square Foot Stanislaus California  - Value
  - $/sqft","Median Home Value per Square Foot Sutter California  - Value
  - $/sqft","Median Home Value per Square Foot Tehama California  - Value
  - $/sqft","Median Home Value per Square Foot Tulare California  - Value
  - $/sqft","Median Home Value per Square Foot Ventura California  - Value
  - $/sqft","Median Home Value per Square Foot Yolo California  - Value
  - $/sqft","Median Home Value per Square Foot Yuba California  - Value
  - $/sqft"
"201801","568","195","180","191","144","392","136","250","150","150","197","144","132","133","180","118","419","146","628","152","248","322","353","394","253","431","250","156","196","222","299","213","364","1002","197","356","902","392","767","535","164","133","260","419","185","168","146","135","343","265","157"
"201712","560","193","180","188","144","390","136","249","149","149","196","144","131","133","178","118","417","144","628","151","247","315","352","395","252","428","250","154","195","221","298","212","361","1006","195","354","885","391","756","533","163","133","258","416","186","167","145","135","342","260","156"
"201711","551","190","179","182","143","387","135","246","148","147","194","143","131","132","175","119","413","143","622","151","246","305","351","394","252","424","249","152","194","220","298","210","358","998","193","352","864","390","737","530","162","131","255","411","185","165","143","134","340","255","155"
"201710","543","188","177","180","142","383","134","243","147","144","193","141","130","131","173","119","409","142","614","149","244","296","349","393","251","422","247","151","194","218","298","209","356","981","192","351","850","387","717","525","161","129","252","406","184","163","140","132","338","252","154"
"201709","537","187","176","181","141","381","134","241","145","143","193","140","130","130","172","118","406","141","611","148","242","295","347","392","248","420","246","152","192","217","296","208","354","974","192","350","843","383","701","520","160","126","251","402","183","161","137","132","337","251","152"
"201708","532","185","175","180","140","380","133","240","144","144","192","140","130","130","171","117","402","140","611","147","242","298","345","391","247","419","245","152","190","216","294","207","352","969","191","348","833","381","691","515","160","124","250","400","182","159","137","132","336","250","150"
"201707","529","183","174","180","139","379","132","240","143","145","191","139","129","130","170","116","400","139","610","146","241","298","344","391","246","417","245","152","189","215","293","205","351","962","189","348","822","381","682","509","159","122","249","398","181","159","136","131","335","249","148"
"201706","527","180","173","179","139","378","131","239","142","144","190","139","129","130","168","115","398","137","612","145","240","295","343","391","245","416","244","152","188","214","292","204","349","952","187","346","812","381","676","503","158","121","247","395","179","159","135","131","333","247","147"
"201705","523","177","173","180","140","377","131","239","142","144","188","139","129","129","167","115","397","136","615","144","240","292","340","391","244","413","242","153","186","211","291","202","346","945","185","343","801","382","670","498","158","119","245","390","177","158","134","130","333","246","145"
"201704","520","175","173","180","141","375","130","237","141","143","186","139","128","129","166","113","394","135","615","144","240","291","338","390","243","410","241","152","184","209","291","200","342","936","183","339","789","382","662","493","157","116","243","386","175","157","133","129","332","241","144"
"201703","516","174","172","179","140","374","128","236","140","143","184","138","127","128","166","111","391","134","612","143","239","289","336","387","241","409","240","150","183","207","291","199","338","924","181","337","782","382","652","489","157","115","240","382","173","155","132","128","330","238","142"
"201702","510","172","171","176","139","373","127","236","138","142","183","138","127","126","164","111","388","133","608","142","237","285","335","384","239","409","240","149","183","204","288","199","336","913","179","336","778","382","645","488","156","114","238","380","171","152","130","128","327","238","141"
"201701","503","170","169","174","136","370","127","234","136","142","182","137","126","125","162","112","385","131","602","141","236","281","333","383","237","408","237","149","182","202","285","199","335","910","177","334","774","382","637","489","155","114","237","379","169","149","129","127","324","237","140"
"201612","499","170","168","173","134","366","127","231","135","141","180","134","125","124","160","111","383","130","595","139","234","279","331","381","234","406","232","147","182","201","283","198","334","906","176","331","769","381","628","490","154","114","236","378","168","147","129","126","323","234","138"
"201611","496","169","166","171","133","363","126","229","135","140","179","133","124","123","160","110","381","130","589","139","233","277","329","379","233","404","230","146","182","199","279","197","333","896","175","328","767","380","624","489","153","113","234","376","167","145","129","125","322","232","137"
"201610","494","168","164","170","133","360","127","228","134","139","178","132","124","123","160","109","378","129","584","140","232","275","327","378","233","402","228","144","181","197","276","196","331","888","174","326","767","379","622","488","153","111","232","374","166","142","128","124","321","231","136"
"201609","490","167","163","169","132","356","128","226","133","139","177","132","123","122","159","108","375","128","578","139","231","272","325","377","232","400","228","142","180","196","274","195","329","885","172","325","765","379","618","486","153","110","231","371","165","141","127","123","320","230","136"
"201608","485","166","162","168","132","352","127","225","132","139","176","131","123","121","158","107","373","126","572","138","228","269","323","376","230","399","227","141","179","194","273","195","328","884","170","324","761","378","615","484","152","109","229","368","165","140","126","122","316","227","135"
"201607","481","165","162","167","131","348","126","224","131","137","176","130","123","121","156","105","372","125","567","138","226","268","319","375","229","398","226","140","178","192","272","194","326","885","168","324","758","376","614","484","150","108","227","366","164","139","127","121","314","224","133"
"201606","478","164","161","165","131","346","126","222","131","136","175","129","123","120","155","103","370","125","566","139","224","267","316","374","229","395","225","140","177","191","269","192","323","892","167","323","757","374","615","485","148","108","224","364","163","138","127","120","313","222","131"
"201605","477","164","160","164","130","345","125","219","130","135","173","127","123","120","154","101","369","124","568","139","222","266","313","370","229","391","223","139","176","189","267","190","320","901","166","322","758","372","616","485","147","108","222","360","161","139","126","120","314","219","128"
"201604","476","162","159","164","130","343","125","216","129","133","172","126","123","119","153","98","367","123","569","136","220","265","311","366","228","390","222","139","175","187","265","188","319","910","165","322","756","369","616","483","147","108","220","357","159","139","125","118","313","218","126"
"201603","474","161","158","163","128","341","124","214","128","132","171","124","122","119","152","96","364","122","567","134","219","264","309","362","227","388","220","138","174","186","265","186","317","915","162","322","753","365","610","476","145","108","219","355","158","138","123","118","313","216","124"
"201602","470","159","158","161","125","340","123","213","127","130","171","121","122","118","151","94","361","122","563","134","217","263","308","357","226","386","218","139","173","185","266","185","316","914","161","320","747","363","603","467","144","107","216","352","157","136","121","117","311","215","123"
"201601","467","159","157","161","125","337","121","212","126","130","170","119","121","117","149","92","359","121","557","133","215","261","306","353","225","385","218","139","173","184","265","184","314","908","160","319","739","361","596","461","143","106","213","349","156","136","120","117","310","214","121"
"201512","463","158","156","163","125","335","119","212","126","129","168","118","120","116","146","92","357","120","551","132","212","259","303","351","222","384","218","139","172","182","263","183","313","901","159","318","731","360","593","457","142","105","211","346","155","136","119","116","308","214","120"
"201511","460","156","156","164","125","333","118","211","125","127","167","117","120","116","144","91","355","119","545","131","208","259","301","349","219","383","217","139","172","180","262","182","312","896","158","317","728","359","591","454","142","105","209","345","153","135","119","116","306","213","120"
"201510","457","155","155","163","125","330","116","210","125","126","166","117","119","115","141","89","352","119","541","131","206","260","299","347","218","381","216","139","172","179","260","181","310","892","157","315","725","359","589","452","141","105","207","344","152","134","119","116","304","211","119"
"201509","454","154","154","160","125","328","115","210","124","124","164","116","119","114","139","88","351","119","536","130","203","259","297","345","217","380","215","139","171","178","258","180","308","889","156","313","721","359","587","448","140","105","206","344","150","133","118","116","302","209","118"
"201508","449","153","154","157","125","325","113","211","124","123","163","116","119","114","138","86","349","120","530","129","201","257","295","342","216","378","213","138","170","177","257","179","306","889","154","311","717","358","583","445","138","105","205","341","149","131","118","115","300","207","117"
"201507","445","151","153","154","124","322","112","211","123","121","162","116","119","113","137","84","347","119","524","128","200","255","293","338","214","376","211","137","169","175","255","178","303","886","153","308","712","358","577","442","141","105","204","338","148","129","119","115","298","206","117"
"201506","441","150","154","152","124","319","110","210","122","120","161","116","118","113","136","83","346","119","526","128","200","254","291","334","212","373","210","135","168","173","251","177","301","876","152","305","704","357","570","440","144","105","203","334","147","128","119","114","296","205","115"
"201505","435","149","154","150","124","317","108","209","122","118","160","115","117","113","134","82","344","118","531","129","199","256","288","331","210","371","209","134","167","171","247","176","300","863","150","302","693","357","562","437","145","104","202","332","146","127","118","114","295","204","113"
"201504","430","146","153","149","124","314","107","207","121","117","158","114","116","113","132","83","343","117","534","130","197","256","286","328","208","368","207","133","167","169","242","174","299","847","149","300","680","356","554","432","144","104","201","329","145","126","117","112","294","202","112"
"201503","424","145","152","150","124","310","107","206","120","116","157","113","116","113","131","83","341","117","531","131","197","255","283","326","206","366","205","133","166","168","239","173","298","828","148","298","666","353","545","428","144","103","199","327","143","125","116","110","294","200","111"
"201502","417","144","150","152","124","306","107","204","120","115","156","113","115","113","132","83","339","117","521","132","197","253","282","324","205","363","204","133","165","166","236","171","296","808","147","297","653","349","537","425","143","103","198","324","141","126","115","109","294","198","111"
"201501","411","143","150","151","123","304","106","202","120","115","154","113","114","111","130","83","337","117","512","132","200","254","279","322","205","361","203","132","165","164","234","170","295","792","146","295","642","345","530","422","143","102","196","322","140","125","115","108","293","196","110"
"201412","407","142","149","149","121","302","104","200","119","114","153","112","113","110","128","83","335","117","510","131","202","256","277","322","205","360","202","132","165","164","233","169","293","784","145","294","636","342","524","419","142","102","194","317","139","124","115","108","292","193","110"
"201411","404","142","148","148","120","299","102","200","118","113","154","111","112","109","127","83","335","115","512","131","201","256","275","321","205","359","201","132","164","165","230","169","291","780","144","293","634","340","518","414","141","102","193","314","137","123","114","107","291","191","109"
"201410","401","141","147","147","118","296","101","200","117","113","155","111","112","107","126","82","334","114","508","131","200","255","273","320","205","357","200","132","163","165","228","168","291","779","144","291","629","339","514","409","140","102","192","313","136","122","113","107","289","189","109"
"201409","398","140","146","146","115","294","100","200","116","112","155","110","112","106","125","81","332","112","502","131","199","254","271","318","205","357","200","131","162","164","227","167","290","775","142","289","620","338","509","405","139","101","191","311","134","121","112","107","287","187","109"
"201408","395","139","145","145","110","293","100","199","116","111","155","109","112","106","123","81","330","111","496","130","196","252","268","315","204","355","199","129","162","163","227","165","289","769","141","287","612","337","504","404","138","102","190","310","134","121","111","106","285","186","108"
"201407","391","138","144","144","107","291","100","199","115","111","155","107","111","106","122","81","328","111","486","129","194","249","266","313","204","354","197","127","161","162","227","163","288","761","140","285","609","337","499","402","136","102","188","308","134","121","108","105","284","185","107"
"201406","387","136","144","143","105","288","100","197","115","111","155","105","110","106","120","81","326","110","478","127","193","247","265","312","203","353","197","127","161","162","226","163","287","751","139","284","606","335","495","399","133","101","185","304","133","121","106","105","283","184","106"
"201405","383","134","144","143","103","284","100","196","115","110","155","103","109","105","119","81","324","110","473","124","189","247","265","310","203","352","197","126","159","161","225","162","285","741","136","284","603","332","491","397","132","101","182","299","131","120","105","105","282","184","105"
"201404","379","134","143","142","102","282","100","195","115","110","155","101","108","105","117","80","321","109","473","122","185","248","263","308","201","351","197","125","158","159","224","160","285","732","135","283","598","331","487","394","131","101","179","294","129","121","106","104","281","184","104"
"201403","375","133","143","141","99","280","101","194","114","110","155","99","107","105","114","80","319","108","474","119","181","246","261","307","199","350","197","124","157","158","222","158","284","722","135","281","592","328","482","392","131","102","175","290","127","120","107","104","280","183","103"
"201402","371","133","142","139","96","279","103","192","113","109","154","98","106","105","113","79","316","106","474","117","178","243","258","306","196","348","195","124","156","157","219","157","282","713","134","280","587","325","477","388","130","101","173","286","125","119","107","103","277","182","101"
"201401","368","132","141","138","92","278","104","191","112","106","154","97","105","103","111","79","314","104","474","116","174","241","254","302","192","346","192","123","155","156","216","155","280","705","133","279","583","322","473","384","130","99","170","283","123","117","105","101","274","180","98"
"201312","365","132","140","138","90","275","105","189","110","104","153","96","105","102","110","79","313","102","475","115","170","240","248","297","190","345","189","123","154","155","212","153","278","699","133","278","579","320","468","381","129","97","166","282","121","115","102","100","272","178","96"
"201311","361","132","140","137","90","272","105","188","108","103","152","95","104","101","108","78","312","100","476","114","168","239","243","293","187","343","186","122","152","153","208","151","277","694","131","275","574","318","465","379","128","95","163","280","118","113","99","99","271","175","94"
"201310","358","131","139","136","91","268","106","186","107","102","152","95","103","100","107","78","310","99","478","112","168","238","240","290","185","341","184","122","150","151","205","149","276","688","129","273","568","314","463","376","127","95","159","278","116","110","97","97","271","171","92"
"201309","356","130","137","134","90","265","108","184","106","100","151","94","101","99","106","79","306","97","477","111","167","236","236","287","184","337","181","124","148","149","201","146","274","680","125","270","561","308","462","372","126","96","154","275","113","108","95","96","269","166","90"
"201308","354","129","137","132","88","261","110","182","104","98","151","93","100","97","105","80","302","96","470","108","167","235","231","283","184","332","179","125","146","147","194","142","271","669","122","267","553","303","459","368","126","97","151","271","110","106","93","95","265","162","88"
"201307","348","127","135","130","88","256","109","180","102","96","150","93","97","94","","81","298","94","458","106","167","234","227","278","183","328","178","125","142","142","186","140","267","659","117","262","544","297","456","364","125","95","149","267","107","103","90","93","261","158","85"
"201306","341","126","134","127","88","249","108","177","101","95","150","91","95","94","","81","293","93","447","103","167","234","222","271","180","323","175","125","138","138","181","138","261","649","114","258","534","293","450","361","123","94","146","262","103","98","87","92","256","156","84"
"201305","332","126","133","122","88","242","107","175","99","95","149","90","94","94","","81","287","92","435","101","165","235","218","265","176","317","171","125","134","134","178","135","256","637","110","253","524","291","442","358","120","94","143","257","100","94","85","91","250","153","84"
"201304","322","125","132","118","88","235","105","173","98","94","148","89","93","94","","81","281","91","422","100","163","235","213","259","173","310","167","125","131","131","174","132","250","625","106","249","515","289","432","352","119","93","141","251","99","91","83","90","244","150","83"
"201303","311","124","131","115","87","227","104","169","96","93","147","88","91","94","","83","276","89","411","99","161","235","210","253","171","304","165","124","129","128","170","128","245","614","104","244","502","288","423","346","118","92","138","246","97","91","82","89","240","147","80"
"201302","304","122","130","115","86","221","105","165","96","91","147","87","90","94","","84","271","87","402","99","159","235","208","248","170","298","162","121","126","125","166","125","241","606","102","242","487","287","417","342","117","91","135","242","96","90","81","88","237","144","79"
"201301","300","121","129","115","86","215","104","162","96","89","148","86","88","93","","86","267","86","394","99","157","234","206","244","169","293","160","116","125","123","164","124","238","599","100","242","478","285","412","338","116","91","132","239","94","88","81","86","234","141","78"
"201212","296","120","129","116","86","210","103","160","95","88","148","85","87","92","","86","265","84","385","99","156","233","204","240","167","289","158","113","123","119","161","123","236","594","99","241","475","281","408","331","115","91","130","235","93","87","80","85","232","139","78"
"201211","292","119","128","115","86","208","103","158","93","87","148","85","85","91","","87","262","83","379","99","154","230","202","237","166","286","156","112","121","117","159","121","232","587","97","239","471","276","402","323","114","89","128","230","92","87","79","84","230","136","77"
"201210","286","118","127","115","86","206","103","155","92","87","147","84","84","91","","87","260","83","376","99","152","226","201","234","166","284","154","112","119","115","157","119","229","578","96","237","463","272","395","320","113","88","125","224","91","86","78","83","229","135","76"
"201209","281","117","126","116","86","202","103","151","90","88","147","84","83","90","","87","258","83","377","99","151","223","198","230","164","281","152","112","118","113","155","118","226","569","95","235","458","271","388","319","111","87","123","220","90","86","78","82","227","135","76"
"201208","276","117","126","116","84","198","103","148","90","88","147","83","82","90","","87","256","82","382","100","149","223","196","227","161","278","151","113","117","111","154","117","224","561","94","233","455","270","380","320","109","86","122","217","89","85","78","82","227","135","76"
"201207","273","117","125","116","81","195","102","147","89","88","147","82","82","90","","86","255","81","390","100","148","223","196","225","158","275","149","115","116","110","154","116","222","552","94","230","451","269","373","321","107","86","120","216","88","85","78","81","226","134","76"
"201206","271","116","125","116","79","193","102","147","88","89","148","81","81","90","","84","253","80","396","101","147","223","196","224","157","273","148","118","114","110","153","115","220","543","93","229","442","268","368","321","106","86","118","216","87","85","78","81","224","133","75"
"201205","269","115","124","118","78","192","103","148","87","90","148","80","81","91","","84","251","80","398","101","147","221","194","222","157","271","145","120","113","110","152","113","218","535","92","229","433","266","363","321","106","86","117","218","86","86","79","81","223","132","75"
"201204","266","115","123","120","78","191","103","148","86","90","148","79","80","91","","83","248","79","399","101","148","220","193","221","158","269","143","121","112","109","152","113","217","529","91","229","425","264","359","323","106","87","117","217","86","86","78","81","222","131","75"
"201203","264","115","122","122","78","189","102","148","85","91","149","80","80","91","","81","247","80","398","102","149","220","192","220","160","270","142","124","112","108","152","113","216","524","91","229","421","261","356","326","107","87","117","217","85","86","78","81","220","130","74"
"201202","264","115","122","123","81","186","101","148","85","93","150","80","79","92","","79","246","80","394","103","149","222","192","218","162","270","143","126","112","108","153","113","214","522","90","230","421","260","352","326","108","87","117","216","84","86","77","81","220","128","75"
"201201","265","114","121","125","86","185","101","148","85","93","151","80","79","92","","78","247","80","388","102","150","224","191","217","163","269","144","127","111","108","153","112","214","521","90","230","424","261","350","326","107","88","117","217","83","86","78","80","222","129","75"
"201112","265","113","121","125","90","186","103","148","85","92","152","79","79","91","","78","248","80","386","100","151","225","189","217","164","268","144","128","111","109","153","112","214","522","90","230","426","263","352","327","107","90","117","217","83","86","79","80","222","131","76"
"201111","265","112","121","126","90","188","105","150","85","93","153","79","79","91","","78","249","80","389","100","153","224","189","217","165","269","145","129","110","108","153","112","215","522","90","231","425","265","354","327","107","93","118","216","84","87","80","81","220","133","77"
"201110","265","113","121","128","84","188","106","153","86","94","154","78","79","91","","79","250","80","386","100","155","224","190","216","166","269","145","129","111","108","153","112","215","520","90","232","423","269","355","326","108","94","120","215","84","87","80","82","220","137","77"
"201109","267","114","122","129","82","189","107","156","87","95","155","78","79","92","","79","252","80","379","99","155","226","193","216","167","271","146","129","111","108","153","113","215","519","90","233","420","274","356","325","109","96","121","214","84","87","80","82","222","139","77"
"201108","268","115","123","129","84","191","108","156","87","96","155","78","79","93","","81","253","80","376","99","156","227","196","218","168","272","146","129","112","109","150","114","217","521","91","233","422","279","357","324","110","98","121","216","84","88","80","83","225","141","77"
"201107","268","115","124","131","86","194","110","156","88","98","156","78","79","94","","83","254","80","379","99","158","228","198","218","170","275","146","128","113","109","147","115","219","524","92","233","428","281","357","323","112","100","121","218","86","88","81","83","229","142","77"
"201106","270","115","125","132","84","196","112","155","90","98","157","79","79","95","","85","255","81","375","99","160","229","199","218","171","278","147","127","114","111","147","115","221","526","93","233","437","283","356","320","114","101","123","221","87","89","82","84","231","142","77"
"201105","271","117","126","133","83","198","113","154","92","98","158","79","80","96","","86","257","82","366","101","163","230","201","221","172","281","150","127","115","112","149","116","223","526","94","234","442","285","354","318","116","102","124","222","88","89","83","85","232","141","77"
"201104","274","119","127","135","83","201","115","152","93","99","159","79","81","96","","87","258","83","360","104","165","231","204","224","173","282","152","128","116","113","151","117","224","525","95","235","446","287","353","319","118","104","124","225","88","90","84","86","232","141","78"
"201103","277","121","129","134","83","204","116","153","95","99","160","80","82","97","","88","260","84","366","106","166","234","204","227","174","283","154","128","116","114","153","117","226","526","95","233","450","291","355","322","118","105","125","230","90","91","85","87","233","143","79"
"201102","279","123","129","134","83","206","116","156","95","100","160","80","83","99","","89","261","85","382","107","167","236","204","231","176","284","154","129","116","115","156","117","226","529","96","231","452","294","359","325","118","107","126","231","91","92","86","88","235","145","80"
"201101","282","125","129","133","83","209","116","159","96","101","160","79","83","100","","89","262","85","396","109","168","238","206","232","178","286","154","131","116","117","158","118","226","534","96","231","448","296","363","328","119","108","129","232","91","93","87","88","237","146","83"
"201012","286","127","129","133","84","211","116","160","97","100","160","79","84","101","","91","263","85","397","111","167","243","209","233","179","287","155","132","117","119","159","118","228","538","96","233","444","298","367","332","120","110","131","235","92","95","88","89","239","146","85"
"201011","289","130","133","133","86","211","117","159","98","100","161","79","85","102","","92","264","84","393","111","167","249","212","233","180","287","156","133","118","120","160","119","229","542","96","236","443","302","369","337","120","111","132","239","92","96","89","89","240","147","86"
"201010","289","133","136","133","88","213","117","160","99","100","161","78","87","104","","93","265","85","397","113","167","253","215","235","182","287","159","133","118","121","162","119","230","545","97","238","446","304","369","343","121","112","133","243","93","98","92","90","241","147","86"
"201009","291","136","139","134","90","215","117","161","100","101","161","78","87","106","","94","267","85","403","116","169","257","218","236","184","288","160","133","118","121","163","119","231","544","98","240","450","303","369","345","123","112","134","246","93","100","93","91","242","148","86"
"201008","294","139","139","137","91","217","118","162","102","102","162","78","88","106","","96","268","85","406","117","170","261","221","238","186","290","161","135","118","123","166","120","232","542","98","242","450","302","370","346","125","112","134","246","94","101","94","92","242","148","87"
"201007","296","142","140","140","93","218","119","163","103","103","163","79","89","107","","99","269","86","409","119","172","266","223","240","188","292","162","139","118","124","168","121","233","543","98","248","448","301","371","348","126","114","134","245","94","101","94","93","241","150","88"
"201006","297","144","139","143","96","219","122","164","103","104","164","79","90","107","","101","269","87","411","122","176","269","222","243","191","293","162","141","119","125","170","121","234","545","98","253","448","301","371","349","127","115","135","245","94","101","95","94","242","152","87"
"201005","295","146","138","145","99","218","123","166","103","107","165","81","90","106","","104","269","87","408","125","179","269","220","244","193","294","163","144","120","125","169","121","234","548","99","257","451","301","372","348","128","116","136","247","94","101","95","95","243","155","86"
"201004","294","150","138","147","102","217","125","170","104","109","166","82","90","105","","106","269","87","406","129","181","268","218","244","195","293","164","147","121","126","168","121","233","553","99","259","456","301","373","347","128","116","136","249","93","99","95","95","244","157","86"
"201003","294","154","139","148","106","217","126","173","104","111","167","83","91","105","","109","269","87","400","132","182","267","216","246","197","291","164","150","120","126","164","122","232","557","98","261","460","304","372","347","127","116","136","250","92","99","94","95","244","158","87"
"201002","295","157","142","151","110","220","128","173","105","114","168","83","92","105","","112","270","87","395","134","184","266","214","248","199","290","165","153","120","126","162","122","232","559","99","263","463","307","371","346","128","116","137","250","92","99","94","96","244","159","88"
"201001","293","160","145","153","109","222","132","174","106","121","168","84","92","110","","113","267","91","398","139","185","266","214","252","203","290","167","161","119","126","163","122","230","552","98","262","462","310","368","347","132","117","137","251","93","99","93","97","244","162","86"
"200912","289","162","147","156","106","223","136","177","107","133","168","86","93","116","","113","262","97","405","147","187","268","219","256","209","290","170","174","119","127","165","122","228","538","98","259","455","312","363","350","137","118","139","251","94","100","92","100","244","168","83"
"200911","288","165","149","159","106","225","138","180","109","141","169","88","95","119","","113","259","101","408","152","189","272","223","259","213","291","173","183","119","128","166","122","226","528","99","259","450","313","362","354","140","119","142","252","95","101","92","101","244","172","82"
"200910","289","167","149","164","112","227","138","181","110","144","170","89","96","119","","116","259","103","407","155","192","280","224","262","215","292","174","190","120","130","166","124","226","529","101","262","451","314","363","357","142","120","143","254","96","101","93","102","245","175","84"
"200909","289","168","150","169","119","229","139","182","112","148","171","90","97","120","","118","259","106","409","160","195","288","226","266","217","292","176","198","121","132","168","126","226","531","103","263","452","315","365","360","144","121","146","255","97","102","93","103","246","177","84"
"200908","290","170","151","172","126","231","139","185","113","152","172","92","99","123","","120","260","109","412","166","198","291","228","270","220","292","177","205","123","133","172","127","226","533","106","264","452","317","367","362","146","122","150","257","99","103","93","105","248","179","85"
"200907","291","171","153","173","134","233","140","188","114","156","173","94","101","125","","122","261","112","413","172","200","294","230","274","223","292","179","210","125","136","175","129","226","534","109","265","450","320","369","364","148","123","155","259","101","104","94","106","249","180","88"
"200906","294","171","155","175","140","237","143","190","116","158","174","97","102","126","","123","263","115","419","178","205","301","235","279","226","294","181","214","128","139","176","132","228","537","113","266","451","324","373","367","150","125","160","262","103","105","95","108","250","183","91"
"200905","299","170","157","177","141","241","145","193","119","160","175","100","104","127","","125","268","119","429","183","210","313","242","286","228","297","183","216","131","141","174","136","231","543","117","269","456","329","378","370","151","126","164","265","107","108","95","109","252","187","93"
"200904","305","171","159","181","141","246","148","196","121","161","176","104","107","129","","127","273","123","439","188","216","326","249","294","231","302","185","216","135","144","173","141","235","551","120","273","463","334","384","373","152","129","168","268","111","111","94","111","256","192","95"
"200903","311","172","160","183","141","251","150","198","123","162","178","108","109","130","","130","277","127","447","192","220","339","256","302","233","307","188","217","139","147","172","145","238","557","124","277","471","338","390","375","153","131","172","271","114","113","94","112","259","195","97"
"200902","315","173","160","185","140","255","154","200","126","163","179","112","111","131","","133","281","131","451","196","223","351","264","308","235","311","190","217","143","149","171","149","241","562","127","280","477","340","396","377","155","133","176","273","118","115","94","114","261","199","99"
"200901","318","174","161","187","138","259","156","202","128","164","179","115","113","130","","135","286","134","454","200","226","364","271","315","236","315","191","217","147","152","170","154","245","568","130","284","483","343","400","379","155","134","179","276","121","118","93","115","263","203","102"
"200812","322","174","161","190","138","262","157","203","130","163","180","119","116","130","","138","290","137","458","205","228","377","278","322","237","319","192","216","151","154","168","158","248","574","134","288","489","346","403","381","156","136","182","278","125","119","93","117","265","205","104"
"200811","327","175","161","192","138","265","159","205","132","164","181","123","118","130","","140","295","140","463","209","231","389","285","330","238","323","194","216","155","156","167","163","251","578","138","292","495","349","407","382","157","138","186","279","128","121","93","118","268","207","107"
"200810","331","175","161","195","138","268","161","207","134","165","182","127","120","131","","141","299","144","468","214","235","401","294","337","240","327","195","217","159","159","165","167","254","583","141","295","501","352","411","383","158","139","190","282","132","123","92","119","271","209","109"
"200809","336","176","162","197","137","272","164","209","136","166","184","131","123","131","","141","304","148","473","217","239","413","302","345","242","331","197","216","163","162","163","172","257","590","145","298","507","355","415","384","159","141","194","284","136","125","91","121","273","212","111"
"200808","340","175","163","199","135","276","166","212","138","167","185","135","126","132","","143","309","151","480","220","244","426","310","353","245","336","200","214","167","165","162","177","261","596","148","301","514","357","419","386","160","143","198","287","141","127","91","123","276","215","113"
"200807","345","181","165","202","135","281","167","215","140","169","186","139","129","133","","144","315","155","484","222","243","437","319","361","248","341","203","215","172","168","162","182","265","603","152","304","522","360","424","390","161","145","203","291","145","132","90","124","279","218","115"
"200806","352","193","167","208","136","288","166","219","143","171","187","142","132","135","","145","323","157","488","225","236","443","330","367","251","347","205","218","177","172","166","187","268","610","157","305","528","363","431","396","162","147","209","294","149","138","90","126","283","221","117"
"200805","359","199","170","212","139","297","166","222","146","174","188","145","135","137","","148","331","159","493","225","228","446","342","371","255","353","208","220","182","176","171","193","272","617","164","307","531","366","438","403","164","149","216","298","154","143","91","129","288","223","121"
"200804","367","198","174","215","143","305","167","225","149","177","190","148","139","138","","151","339","160","499","221","226","447","357","374","258","361","212","223","187","181","179","198","277","622","171","311","532","370","444","408","166","150","224","302","160","146","92","134","294","228","123"
"200803","374","199","177","218","147","313","170","229","153","180","192","151","142","139","","154","347","161","503","219","227","447","379","377","260","369","216","227","192","186","189","204","283","628","179","317","535","374","449","417","170","151","231","310","167","149","93","138","301","235","125"
"200802","382","199","180","222","152","319","171","234","156","183","195","153","146","139","","157","353","163","503","217","233","446","398","379","264","377","220","231","197","191","196","209","289","635","185","323","541","380","455","429","173","152","239","318","174","152","94","141","306","241","126"
"200801","390","201","183","225","160","324","169","237","159","185","197","156","149","139","","157","360","164","501","212","238","441","412","381","268","383","224","231","202","195","201","214","295","640","191","329","550","384","462","439","174","153","247","326","179","154","96","144","311","244","127"
"200712","398","203","186","228","162","329","167","239","161","187","199","158","152","140","","160","366","166","500","206","243","431","418","382","271","388","228","231","206","200","207","218","301","646","196","334","561","386","468","446","174","152","253","332","182","156","98","146","316","245","129"
"200711","403","206","187","230","161","335","167","243","163","190","201","160","155","143","","163","372","168","504","205","248","425","422","382","273","392","230","234","210","204","217","223","305","651","201","335","568","387","472","451","175","151","258","337","186","158","100","147","321","246","132"
"200710","409","208","188","232","165","342","166","247","166","193","202","163","158","146","","166","377","170","507","203","255","422","422","382","275","396","231","237","214","208","229","227","308","652","205","336","571","389","475","456","177","151","262","343","192","159","100","148","325","247","136"
"200709","413","211","189","234","167","349","165","249","168","196","203","167","162","148","","170","379","173","508","201","261","418","422","383","277","401","232","239","218","212","241","230","312","652","209","339","574","392","478","462","179","151","265","348","197","161","101","149","329","250","140"
"200708","417","214","189","235","169","354","164","250","170","199","202","171","165","149","","172","382","176","505","200","265","412","425","384","280","406","235","239","221","216","251","233","315","650","212","343","574","397","480","469","180","151","269","354","201","162","103","151","333","253","144"
"200707","421","215","190","237","170","358","163","252","172","201","201","174","168","150","","169","385","178","503","201","269","408","431","386","282","410","238","238","223","219","258","235","319","647","216","346","574","400","482","474","180","151","271","358","204","163","105","153","337","256","149"
"200706","424","215","191","237","172","361","163","253","175","204","199","175","170","151","","167","388","182","502","202","273","405","437","387","284","414","241","237","225","222","264","238","321","642","218","348","572","403","483","477","181","151","274","362","207","163","106","155","341","260","152"
"200705","426","215","191","237","172","364","165","253","176","205","198","175","172","151","","168","390","187","503","200","278","404","442","389","284","417","242","238","227","224","272","239","323","637","220","349","571","405","484","479","183","151","277","364","210","164","106","156","345","262","156"
"200704","428","217","191","238","174","366","167","252","178","208","199","175","174","152","","169","391","191","505","199","282","402","445","390","285","419","244","241","229","226","279","240","325","632","222","349","568","406","483","481","183","151","279","365","212","164","106","156","348","262","160"
"200703","430","218","190","241","176","368","165","253","179","210","199","175","175","153","","173","391","196","507","199","287","400","447","391","286","421","245","244","230","228","282","242","326","626","224","351","564","404","483","480","184","152","280","365","214","166","108","156","352","261","163"
"200702","429","218","190","243","177","369","161","254","180","211","197","176","177","153","","175","391","199","509","201","288","399","449","391","286","423","247","247","232","230","283","243","328","622","226","352","562","403","482","477","185","153","282","365","216","167","109","157","355","260","164"
"200701","428","218","192","243","177","371","158","255","181","209","197","178","178","154","","177","391","200","512","203","288","399","449","391","285","424","247","247","234","232","285","245","330","619","230","353","562","403","480","476","186","154","283","366","218","169","110","159","356","260","166"
"200612","428","218","193","243","181","372","157","257","183","206","197","179","179","156","","176","391","200","515","202","291","398","450","393","285","425","248","247","235","234","287","247","331","620","233","354","564","405","477","477","187","154","286","367","222","172","110","160","358","264","169"
"200611","428","219","195","242","183","374","156","259","185","203","196","181","180","156","","177","392","201","516","202","293","398","455","397","287","428","250","247","237","236","287","248","333","622","235","357","566","410","475","480","189","154","289","370","226","175","111","162","360","270","171"
"200610","429","221","197","242","183","376","157","261","186","201","196","182","181","156","","179","393","201","518","203","288","397","461","399","289","430","252","248","239","239","283","249","335","623","238","359","566","417","473","483","190","155","291","374","228","177","112","165","362","275","174"
"200609","429","223","199","242","183","377","159","263","188","199","197","183","181","155","","178","393","200","521","205","281","396","467","399","290","432","255","248","241","241","280","250","338","624","242","361","565","423","471","486","192","156","294","379","230","178","113","166","364","280","175"
"200608","429","225","201","243","183","379","160","266","189","198","198","183","182","156","","175","394","200","522","204","277","397","473","401","292","433","258","249","242","244","279","250","339","625","245","363","564","427","470","489","193","157","297","383","232","180","114","167","365","286","177"
"200607","429","227","202","243","184","381","161","268","191","197","199","183","183","158","","177","393","200","523","201","276","399","477","405","293","434","260","249","242","246","282","250","341","626","248","366","565","431","471","489","194","157","299","386","234","181","116","167","366","291","179"
"200606","428","227","203","243","187","382","161","269","192","196","200","182","184","159","","183","391","199","525","198","277","398","479","408","294","436","261","250","242","248","286","250","344","627","251","369","567","435","471","488","194","158","301","388","236","180","117","167","367","295","181"
"200605","428","227","204","244","188","383","159","269","192","194","200","182","183","159","","186","389","198","527","198","277","396","480","411","295","436","262","251","242","249","287","249","346","626","253","371","566","438","472","491","196","158","302","389","237","179","118","166","368","297","180"
"200604","429","227","204","245","188","383","155","270","192","193","199","181","182","158","","185","386","197","527","196","276","395","479","413","297","434","263","251","241","251","289","248","347","625","253","371","564","438","473","494","198","157","303","390","238","180","119","166","366","300","180"
"200603","429","228","203","243","187","383","153","270","191","192","197","179","180","157","","180","384","195","527","189","274","393","476","413","297","433","265","250","241","252","291","246","347","625","253","371","564","438","473","497","197","155","302","389","238","181","119","164","364","300","182"
"200602","427","230","202","241","186","384","153","270","190","190","196","177","179","156","","176","382","194","527","183","271","391","471","413","296","431","266","250","239","253","296","243","347","627","253","370","565","440","472","495","195","153","301","389","238","181","120","162","362","300","185"
"200601","426","232","200","239","186","384","154","271","189","186","197","173","177","154","","179","381","193","525","180","269","389","468","412","294","428","267","253","238","253","300","240","347","629","252","369","564","445","471","491","193","152","299","388","237","181","120","159","360","298","187"
"200512","425","233","197","237","190","383","153","271","187","181","197","170","174","151","","188","378","191","521","178","267","389","466","409","291","424","266","254","235","253","304","236","347","631","251","368","562","447","470","487","190","151","298","388","235","181","121","157","356","295","189"
"200511","424","232","196","235","192","380","152","270","184","175","197","167","171","148","","188","374","190","516","173","264","385","463","408","290","420","266","249","232","252","304","232","347","632","250","365","559","445","469","486","189","151","296","386","234","180","122","154","353","291","188"
"200510","423","229","194","234","187","377","151","268","181","169","194","165","167","146","","183","369","187","512","169","264","377","460","408","287","415","266","245","228","251","305","228","347","629","247","363","556","443","466","486","188","149","294","384","232","179","123","152","351","287","187"
"200509","421","226","191","232","181","374","150","266","178","165","192","162","163","143","","183","363","185","507","164","265","367","456","407","284","409","265","248","225","249","307","224","346","624","244","360","552","443","462","485","187","148","291","382","229","178","123","150","348","283","185"
"200508","418","223","190","230","176","371","149","263","175","161","190","158","159","140","","188","357","182","502","162","267","360","451","404","281","403","264","251","222","246","308","219","345","619","239","357","549","445","458","482","184","145","287","379","226","178","123","148","346","280","183"
"200507","413","220","188","226","172","367","146","259","172","157","188","155","155","137","","187","351","179","497","162","268","354","444","399","278","398","263","254","219","244","304","215","344","614","234","354","545","444","452","479","181","142","283","375","222","177","122","145","343","278","180"
"200506","409","217","186","222","169","362","142","255","168","154","185","152","150","135","","182","345","176","492","159","267","347","436","394","275","393","260","252","215","241","298","211","343","610","228","351","540","441","447","473","179","138","278","370","218","175","121","141","339","275","177"
"200505","404","215","183","216","168","357","138","251","165","150","181","149","146","132","","180","339","172","488","155","266","340","428","390","272","388","257","249","212","238","293","207","342","606","222","348","534","437","440","468","176","133","274","366","213","173","121","138","333","273","174"
"200504","398","213","181","212","167","352","135","248","162","147","177","146","143","130","","182","333","168","485","153","263","338","421","385","269","383","255","245","209","235","288","203","342","603","216","343","528","434","434","464","173","131","269","362","208","169","121","134","328","269","171"
"200503","392","210","180","208","164","345","131","244","158","143","173","144","139","127","","180","328","164","481","157","258","338","415","380","265","379","251","243","206","232","281","199","341","596","210","339","522","430","427","458","169","129","265","358","204","162","119","130","324","264","166"
"200502","386","207","178","203","158","339","127","239","154","141","171","141","135","124","","175","323","160","477","164","254","336","410","375","261","376","246","244","204","228","273","196","339","586","206","333","515","424","420","451","165","128","262","354","199","155","118","126","319","260","162"
"200501","379","205","175","200","154","333","124","235","150","138","168","137","131","121","","171","319","156","472","172","251","333","404","371","257","374","242","245","201","224","266","193","336","576","203","326","508","418","414","447","162","126","258","349","194","151","116","123","316","257","157"
"200412","371","203","172","199","152","328","120","232","147","137","165","134","128","118","","166","315","151","467","175","246","331","397","366","252","372","238","241","199","221","262","189","333","567","199","321","500","415","407","441","159","124","254","345","189","149","115","120","313","254","153"
"200411","365","200","169","197","148","322","116","227","144","135","162","131","125","114","","164","311","147","463","177","240","328","389","361","248","370","233","240","196","217","259","185","331","559","195","317","492","412","401","432","156","123","250","342","185","146","113","116","310","249","148"
"200410","359","197","166","193","145","317","112","222","141","133","159","129","121","111","","164","308","144","459","174","233","325","382","355","244","367","229","239","193","213","256","182","328","550","191","313","487","407","395","421","153","121","246","338","180","143","112","113","307","245","144"
"200409","354","193","163","190","145","311","106","217","138","131","155","125","117","109","","160","304","140","453","170","226","320","374","347","241","363","225","236","189","209","252","178","324","543","187","308","482","399","390","411","150","119","242","334","176","141","109","110","303","241","140"
"200408","348","188","161","186","145","305","102","212","135","131","152","122","113","106","","155","299","138","448","170","218","314","368","341","236","358","221","238","184","204","246","173","320","537","183","303","476","389","385","404","147","117","238","329","172","138","108","106","297","234","135"
"200407","342","182","158","182","144","300","98","208","131","","150","118","110","103","","","292","135","443","167","212","308","358","336","230","350","216","233","179","200","239","168","314","535","180","297","469","380","379","399","144","115","233","324","169","136","106","104","291","227","130"
"200406","336","177","156","178","145","294","93","204","128","","148","116","106","100","","","284","132","437","158","207","304","349","330","225","340","213","222","174","195","232","163","306","532","176","290","463","372","372","395","141","114","229","318","166","135","104","101","285","221","125"
"200405","329","172","154","175","143","289","89","201","124","","146","114","102","98","","","277","129","430","148","200","299","340","322","221","330","209","215","169","190","226","159","297","527","172","284","458","366","367","388","138","112","225","313","163","133","101","100","279","215","122"
"200404","323","170","152","171","137","284","87","198","121","","144","112","100","96","","","269","127","422","143","195","295","333","317","217","320","204","211","165","186","221","154","288","519","168","280","451","360","362","381","136","110","222","307","160","132","100","97","273","211","119"
"200403","318","167","150","168","133","280","84","196","119","","142","110","98","95","","","263","124","414","140","192","290","325","313","213","311","200","204","161","182","215","150","280","509","165","277","443","355","359","374","134","108","218","302","157","131","99","95","267","209","117"
"200402","313","165","148","165","133","276","81","193","117","","139","109","96","93","","","257","122","408","134","192","287","318","310","210","303","197","202","157","179","210","146","274","499","162","275","435","349","355","370","133","106","215","298","155","131","98","92","261","207","115"
"200401","310","161","146","163","134","273","80","190","114","","135","107","94","91","","","252","120","405","124","189","284","312","307","208","296","194","201","154","176","208","143","268","490","160","273","427","341","350","365","132","105","212","294","153","129","95","91","256","205","113"
"200312","306","156","144","160","133","270","79","188","112","","132","106","92","89","","","246","118","402","118","184","280","306","303","205","290","192","194","151","173","205","140","262","481","158","271","418","332","345","360","131","103","208","290","152","126","93","90","252","202","111"
"200311","303","153","141","157","132","266","77","185","109","","129","105","91","88","","","242","115","399","117","182","274","300","299","203","284","190","186","147","171","201","137","257","472","156","267","409","325","341","355","129","101","205","286","150","123","91","88","248","199","109"
"200310","299","149","139","152","130","263","76","182","107","","127","104","90","87","","","237","112","397","116","181","267","294","295","201","278","188","183","144","168","198","134","253","465","153","262","403","320","339","351","127","99","203","282","148","120","91","88","245","197","108"
"200309","296","147","137","148","127","261","75","181","105","","124","103","88","86","","","232","111","395","114","181","264","289","292","199","273","185","187","140","166","197","130","248","461","151","258","397","316","337","347","125","96","200","278","145","118","90","86","241","196","105"
"200308","294","145","135","145","126","258","74","180","103","","122","102","87","84","","","229","108","393","113","179","263","285","290","197","269","182","191","138","164","196","128","244","457","149","254","393","312","335","345","124","94","198","276","143","116","88","85","237","194","103"
"200307","293","143","132","144","124","256","73","179","101","","121","101","85","83","","","225","105","391","112","176","260","281","287","196","265","180","190","136","162","194","126","241","455","147","251","391","309","333","344","122","92","196","274","141","114","86","84","234","191","102"
"200306","291","140","130","144","122","254","73","178","99","","119","100","84","81","","","222","103","389","111","174","256","279","283","195","262","179","188","135","160","193","124","238","453","146","248","389","305","332","344","120","90","194","272","139","112","85","83","232","189","100"
"200305","291","139","128","143","119","253","73","177","97","","117","99","83","80","","","219","101","387","112","173","251","277","278","195","259","177","185","133","158","191","122","236","451","144","245","389","301","334","345","118","88","192","269","138","110","84","82","229","187","99"
"200304","290","138","126","142","114","252","74","175","95","","114","98","82","78","","","216","99","385","111","171","243","274","274","193","256","175","180","131","156","189","120","234","451","143","241","389","298","335","344","116","86","190","268","136","109","84","81","226","183","97"
"200303","289","135","124","142","111","250","75","173","94","","112","98","81","77","","","212","96","383","107","169","233","272","270","192","253","172","175","129","154","189","118","231","451","141","236","389","295","335","343","114","85","187","266","134","108","83","80","223","180","96"
"200302","288","134","121","141","109","248","75","170","92","","111","98","80","76","","","209","94","381","102","167","224","270","268","191","248","170","172","128","152","189","116","228","453","139","232","389","292","336","342","112","85","184","264","133","107","83","79","219","176","94"
"200301","286","132","120","140","104","246","76","167","91","","109","98","78","76","","","205","93","379","96","165","216","269","266","190","245","168","167","126","150","186","114","225","455","137","228","389","289","337","340","110","84","180","261","131","105","82","78","216","173","92"
"200212","285","131","118","137","100","243","75","165","90","","107","97","77","75","","","203","92","378","94","163","210","266","263","188","241","166","166","124","148","183","112","221","456","135","224","390","286","338","337","107","83","177","258","129","104","82","77","212","170","90"
"200211","282","131","116","134","98","241","75","163","89","","105","95","76","75","","","200","90","376","94","161","205","262","260","187","238","164","166","121","145","182","111","218","455","133","221","391","282","338","335","105","82","174","255","126","103","81","77","208","167","89"
"200210","280","131","115","132","97","239","75","161","87","","104","94","75","75","","","196","88","374","95","158","203","259","257","184","234","162","162","120","143","181","109","214","454","131","219","391","277","338","332","102","81","172","251","125","101","80","76","204","163","88"
"200209","277","130","113","131","96","236","76","160","86","","103","93","75","74","","","193","87","372","95","153","202","256","253","182","230","160","159","118","140","177","107","209","453","129","217","389","272","337","330","100","80","171","248","124","100","78","75","200","159","87"
"200208","275","128","111","129","94","233","76","159","84","","100","93","74","74","","","190","85","368","94","148","200","254","246","179","226","158","160","116","138","174","106","205","448","128","215","386","268","337","329","99","80","168","244","122","98","77","74","196","155","85"
"200207","272","127","109","128","89","230","75","158","83","","98","92","73","73","","","186","84","365","94","144","198","253","240","176","222","156","162","115","136","173","104","202","441","127","212","381","266","334","326","97","80","166","241","120","96","77","73","193","153","83"
"200206","269","125","107","126","84","227","76","157","82","","96","93","73","72","","","183","82","362","98","142","196","250","237","174","219","154","163","114","134","170","103","198","433","125","210","375","263","331","321","96","79","164","239","120","94","76","73","190","150","82"
"200205","265","123","106","125","81","224","76","155","81","","95","93","73","71","","","181","81","361","102","140","195","248","235","171","215","153","165","113","132","167","102","195","424","124","207","371","262","326","317","95","79","162","237","119","93","75","73","187","147","81"
"200204","262","122","104","123","82","222","74","154","80","","94","92","73","71","","","179","80","359","104","139","194","244","234","169","212","152","167","111","131","164","101","191","416","123","206","367","260","320","314","94","79","161","234","117","92","74","73","184","144","80"
"200203","260","121","102","122","82","220","72","153","79","","93","91","72","71","","","177","79","358","101","138","190","241","232","168","210","151","166","110","129","161","100","189","413","122","205","364","258","315","310","93","78","160","232","115","90","74","73","182","141","79"
"200202","259","120","100","120","80","217","71","153","78","","91","90","71","71","","","175","79","357","98","137","186","238","228","166","208","151","158","109","128","159","99","187","410","122","204","362","257","313","308","92","77","160","231","113","90","72","73","180","139","78"
"200201","258","119","99","119","78","216","71","151","76","","90","89","71","71","","","172","78","356","95","137","183","238","225","165","206","150","","108","126","156","98","185","407","121","202","362","256","312","307","90","76","159","231","112","89","72","73","178","138","77"
"200112","259","118","97","118","77","214","71","149","76","","88","88","70","70","","","170","77","355","91","141","181","238","223","163","204","149","","107","125","154","97","182","403","120","199","361","253","314","306","90","76","158","230","112","88","72","73","176","138","76"
"200111","260","117","97","118","77","214","70","147","76","","88","87","70","70","","","168","77","355","87","141","180","239","221","161","201","148","","106","124","151","96","181","401","119","195","361","249","317","306","89","75","157","229","111","87","71","73","175","137","75"
"200110","260","116","96","118","78","214","68","145","75","","87","87","69","70","","","167","76","353","88","139","180","238","218","160","199","147","","106","123","150","95","179","401","118","194","362","246","321","306","88","76","156","228","111","86","70","72","173","136","74"
"200109","259","114","96","117","78","214","67","144","75","","86","87","69","70","","","165","75","352","91","138","178","236","217","159","197","145","","105","123","150","94","177","400","118","192","363","242","324","306","87","76","155","227","110","85","70","73","171","135","73"
"200108","260","114","95","117","77","212","66","142","74","","85","87","68","69","","","164","75","352","93","140","174","233","216","157","195","144","","104","121","150","93","176","397","117","191","364","239","326","306","86","76","153","227","109","85","70","73","170","133","72"
"200107","260","113","94","115","76","210","63","140","74","","85","86","68","69","","","162","74","353","94","140","171","231","214","157","193","143","","103","119","150","93","174","396","115","189","366","235","329","306","84","75","152","227","107","84","70","74","169","132","71"
"200106","261","112","92","114","74","209","61","137","73","","84","85","68","69","","","162","74","353","95","139","168","228","212","156","191","140","","102","117","151","92","172","395","114","186","368","231","333","304","84","75","150","226","106","84","69","74","167","131","69"
"200105","262","111","91","113","72","208","59","135","72","","83","85","67","69","","","161","73","351","98","138","166","225","210","153","190","138","","101","116","150","90","170","396","112","183","371","229","336","299","83","74","147","225","104","82","68","73","166","130","69"
"200104","261","109","90","112","71","206","57","133","71","","82","84","67","68","","","159","72","347","98","136","166","222","207","150","189","137","","100","114","149","90","169","397","110","179","374","226","337","292","82","74","144","224","102","82","67","73","165","128","68"
"200103","258","108","89","111","71","203","56","132","71","","82","84","66","67","","","158","71","344","99","133","167","218","205","148","187","135","","98","111","149","89","167","396","109","174","374","224","337","287","81","73","143","222","99","81","67","74","164","127","66"
"200102","255","106","88","109","70","199","54","130","70","","82","83","66","67","","","156","70","341","105","130","167","214","203","146","186","133","","97","109","151","87","164","394","107","169","370","220","336","285","81","73","140","218","97","81","66","75","163","125","65"
"200101","252","105","88","108","69","195","53","128","70","","82","83","65","66","","","154","69","337","112","129","167","209","200","145","183","130","","96","107","150","87","162","393","104","166","366","217","334","282","80","73","138","215","96","80","66","75","162","124","64"
"200012","248","103","87","105","67","191","52","126","69","","82","84","65","66","","","153","68","332","114","127","166","206","197","144","181","128","","95","106","149","86","160","394","102","164","364","213","330","280","79","73","135","212","94","79","66","74","160","122","64"
"200011","244","101","87","104","67","188","51","124","69","","81","83","65","65","","","152","67","328","109","126","165","202","194","142","179","126","","94","104","148","85","159","394","100","161","361","210","325","277","78","72","133","208","93","79","65","73","159","120","63"
"200010","239","100","85","103","68","184","50","122","69","","80","81","65","65","","","151","68","324","104","124","160","200","192","141","177","125","","94","103","147","84","157","392","98","158","358","207","319","274","77","71","130","204","91","78","66","72","157","118","63"
"200009","235","99","83","102","68","180","49","120","68","","80","80","65","64","","","150","68","321","101","122","155","197","191","139","175","124","","93","102","147","84","155","389","97","155","355","204","313","270","77","71","127","201","89","77","66","72","156","117","62"
"200008","231","97","82","101","67","177","49","119","67","","80","80","64","64","","","149","67","317","94","121","152","193","188","137","174","122","","92","101","146","84","153","386","95","153","349","200","308","261","76","71","125","197","88","76","66","72","154","115","63"
"200007","226","96","81","99","66","173","50","117","67","","80","80","64","64","","","148","67","312","92","","","188","186","135","172","121","","91","101","144","83","151","382","94","151","342","196","302","252","76","71","122","192","87","75","66","71","153","114","63"
"200006","221","95","80","97","65","170","51","115","67","","79","79","64","64","","","146","67","306","93","","","185","183","133","171","120","","91","100","143","82","149","375","93","149","335","194","296","247","75","70","120","188","85","74","66","70","151","113","63"
"200005","216","95","79","96","66","167","51","113","67","","78","79","63","64","","","145","66","303","93","","","183","180","132","170","119","","90","99","145","82","146","368","93","148","325","190","289","245","74","70","118","184","84","73","65","70","149","112","62"
"200004","211","94","78","96","66","164","52","111","67","","78","78","63","64","","","143","66","300","94","","","180","177","130","168","117","","88","98","143","81","144","360","92","146","316","187","281","242","74","69","115","181","83","73","65","70","147","112","60"
"200003","206","93","77","94","67","160","52","109","66","","77","77","63","64","","","142","66","296","100","","","176","173","128","166","115","","88","97","138","80","142","353","91","145","308","184","273","238","73","69","113","178","83","71","65","69","146","111","59"
"200002","201","92","77","92","68","157","51","107","66","","75","76","63","63","","","141","66","291","100","","","172","169","125","165","114","","87","96","135","80","140","343","89","143","301","179","265","232","73","68","110","175","82","71","65","68","144","111","58"
"200001","196","92","76","90","69","155","49","105","66","","75","75","62","63","","","140","66","285","102","","","168","165","122","163","112","","86","94","134","79","139","334","88","141","294","174","257","227","72","68","109","171","81","70","64","67","143","109","58"
"199912","191","91","74","89","68","153","50","104","65","","74","74","62","63","","","139","66","279","106","","","163","163","119","161","111","","86","93","132","78","137","324","87","139","287","171","252","223","72","68","108","168","80","69","65","67","142","107","57"
"199911","188","90","73","88","66","151","50","103","64","","74","74","62","63","","","137","65","270","104","","","160","160","117","159","109","","86","92","130","78","135","315","86","138","281","170","247","220","71","68","107","166","79","68","64","66","141","106","57"
"199910","184","90","73","87","66","148","50","102","64","","74","73","62","63","","","136","65","263","102","","","158","157","115","158","108","","85","91","127","78","133","306","86","135","275","169","242","217","71","68","105","164","79","67","64","67","139","106","57"
"199909","181","91","72","85","65","145","48","101","64","","74","73","62","63","","","135","65","258","100","","","156","154","114","156","107","","85","91","123","77","132","298","86","133","270","168","236","214","70","67","103","162","78","68","64","67","138","105","56"
"199908","178","91","72","84","63","143","46","100","64","","73","72","63","62","","","135","65","254","101","","","153","151","113","155","106","","84","90","122","77","131","291","85","130","267","166","232","211","70","66","102","159","78","67","64","68","137","104","56"
"199907","174","91","72","83","62","142","45","99","64","","72","72","62","62","","","134","65","250","99","","","151","149","112","155","104","","83","89","121","77","130","286","84","129","263","164","228","208","70","66","101","156","78","66","64","67","136","103","57"
"199906","170","90","72","83","62","140","44","98","64","","72","71","62","62","","","133","64","247","93","","","148","146","111","154","103","","83","88","120","77","129","281","83","128","260","161","223","206","70","67","100","154","77","65","63","67","135","101","56"
"199905","167","90","73","83","60","138","43","98","64","","73","71","62","63","","","132","65","245","88","","","146","145","110","153","103","","82","88","118","76","128","277","82","127","258","158","220","204","70","68","100","151","76","66","63","67","133","100","56"
"199904","165","90","72","82","58","135","42","97","64","","74","72","62","62","","","131","65","243","86","","","144","143","109","152","103","","81","88","118","76","127","274","82","126","255","154","219","202","70","70","99","149","76","66","63","67","132","100","55"
"199903","163","89","72","82","56","134","41","97","64","","74","72","62","62","","","131","64","241","84","","","143","142","108","152","103","","80","87","118","75","125","272","81","125","253","151","218","201","69","70","98","148","76","66","62","66","131","99","56"
"199902","162","89","72","83","54","134","40","97","63","","73","72","62","63","","","130","64","238","80","","","142","141","108","151","103","","80","87","118","74","124","270","81","123","252","150","217","199","69","70","97","146","76","66","62","65","130","98","56"
"199901","161","89","72","83","51","133","40","97","62","","72","72","61","63","","","129","63","235","","","","140","140","107","149","102","","79","86","118","74","123","268","80","122","250","149","216","196","69","69","96","145","75","66","62","65","129","97","55"
"199812","160","89","71","83","49","131","39","96","62","","71","71","61","63","","","129","64","233","","","","138","138","107","148","101","","79","86","119","73","122","266","80","121","249","147","214","194","69","68","95","143","74","66","61","65","128","96","55"
"199811","159","88","71","83","47","129","38","96","62","","70","72","61","62","","","128","63","230","","","","137","137","106","147","101","","78","85","120","73","121","263","80","120","247","146","212","193","69","68","94","142","74","65","61","65","127","96","54"
"199810","157","87","71","83","44","128","37","96","62","","70","72","61","62","","","127","63","228","","","","136","136","106","146","100","","78","85","120","72","121","261","80","119","245","144","210","191","69","68","93","140","73","65","60","65","126","95","55"
"199809","156","87","71","83","43","128","36","96","62","","70","72","61","62","","","125","62","226","","","","135","136","106","145","99","","77","84","119","72","120","258","79","118","242","143","208","189","69","68","92","139","73","65","60","64","124","95","54"
"199808","155","87","71","84","41","127","36","96","62","","70","73","60","61","","","125","62","225","","","","135","135","106","144","99","","77","84","119","72","118","257","79","117","240","142","207","187","69","68","92","138","73","65","60","64","122","95","53"
"199807","154","86","70","83","40","126","36","96","62","","70","73","61","61","","","124","62","223","","","","135","135","106","143","98","","77","84","119","72","117","255","79","116","238","141","206","186","69","68","91","137","73","66","60","63","121","95","53"
"199806","154","86","70","83","40","126","36","95","62","","69","72","61","61","","","123","62","219","","","","133","134","105","141","98","","76","83","118","71","116","253","79","115","236","139","204","183","69","67","90","136","72","65","60","63","121","95","52"
"199805","153","85","69","82","39","125","37","95","62","","68","71","60","61","","","122","63","216","","","","132","134","105","139","97","","76","83","117","71","115","251","78","114","233","137","201","180","69","66","90","135","73","65","60","63","121","94","52"
"199804","151","84","69","82","39","123","38","94","62","","68","71","60","61","","","122","63","213","","","","132","134","104","136","97","","76","83","116","71","114","250","78","113","231","136","200","178","69","66","90","134","73","64","60","63","120","94","53"
"199803","150","83","69","81","38","122","39","94","63","","68","70","60","61","","","121","62","211","","","","131","132","103","134","96","","76","83","115","71","113","248","78","113","229","134","199","177","69","65","90","133","73","65","61","63","119","94","52"
"199802","148","82","68","80","38","121","39","93","62","","68","70","60","61","","","120","62","209","","","","131","130","103","133","95","","75","82","113","70","112","245","77","113","228","133","197","175","69","65","89","132","72","64","61","62","119","93","52"
"199801","146","81","68","80","37","120","","93","62","","68","70","59","61","","","119","62","207","","","","130","128","102","132","93","","74","81","112","70","111","242","77","112","225","132","195","174","68","64","88","131","72","64","61","62","117","92","52"
"199712","144","79","68","79","36","119","","92","62","","68","70","59","61","","","118","62","204","","","","130","127","101","131","92","","73","81","111","69","110","238","76","111","222","131","193","171","68","63","87","130","71","63","61","62","116","91","53"
"199711","143","78","68","78","36","118","","92","61","","68","70","58","61","","","117","62","202","","","","130","126","100","130","91","","72","81","109","69","109","235","76","111","220","129","190","168","67","62","87","129","71","64","61","63","115","91","53"
"199710","142","78","68","77","35","117","","91","61","","68","70","58","62","","","116","62","201","","","","129","125","99","128","90","","71","80","109","69","108","232","76","111","217","128","187","164","67","61","87","128","70","63","62","63","115","90","54"
"199709","141","78","67","77","35","116","","91","62","","68","69","58","62","","","116","62","199","","","","128","124","99","127","89","","71","80","108","68","108","229","75","111","216","128","185","162","67","61","87","127","70","63","62","63","114","89","53"
"199708","139","77","67","77","35","115","","91","62","","66","69","58","62","","","115","62","197","","","","128","123","98","127","89","","70","79","107","68","107","226","75","110","214","127","182","160","67","61","86","126","70","63","62","62","114","89","53"
"199707","137","76","67","77","35","115","","90","62","","65","69","59","62","","","115","61","196","","","","128","123","98","126","89","","70","79","106","68","106","224","75","109","211","126","179","158","67","61","86","126","70","64","62","63","114","89","54"
"199706","136","76","67","77","35","115","","90","62","","65","68","59","62","","","115","61","195","","","","128","123","97","126","89","","69","80","106","68","105","221","75","109","209","125","177","157","66","61","87","126","71","64","62","63","113","89","55"
"199705","136","76","67","76","36","114","","90","62","","65","68","60","61","","","115","62","194","","","","127","122","97","126","89","","69","79","106","68","105","220","74","109","207","125","175","156","67","61","87","126","70","64","62","62","113","89","55"
"199704","135","76","68","76","35","114","","89","62","","65","69","60","61","","","115","62","191","","","","127","122","97","126","89","","69","79","105","67","105","218","74","109","205","125","174","155","67","61","87","125","70","64","62","62","113","89","56"
"199703","134","77","68","76","35","114","","89","61","","64","69","60","61","","","114","62","189","","","","126","122","97","125","89","","69","79","105","67","105","216","74","109","203","124","172","155","66","61","87","125","70","65","62","62","113","89","56"
"199702","133","76","68","75","35","113","","89","61","","64","69","60","61","","","114","61","188","","","","126","121","96","124","89","","69","79","106","67","104","215","73","109","201","124","170","154","66","61","87","124","70","65","61","62","113","88","56"
"199701","132","76","68","75","34","113","","89","61","","64","69","59","60","","","113","61","186","","","","126","120","95","124","89","","68","78","105","67","104","212","73","109","200","124","168","152","65","61","87","123","70","66","61","62","113","88","56"
"199612","131","77","67","75","34","112","","88","62","","65","68","59","60","","","113","61","185","","","","125","119","94","123","89","","67","78","105","66","103","209","73","109","199","123","166","151","66","61","86","123","69","66","60","62","112","87","57"
"199611","131","78","68","76","34","112","","88","62","","64","68","59","59","","","112","61","185","","","","124","119","94","122","88","","67","78","105","66","103","209","73","108","197","123","164","150","66","62","86","123","70","65","61","62","112","87","56"
"199610","131","78","68","76","33","112","","88","63","","63","68","59","60","","","112","62","185","","","","124","119","93","122","88","","67","78","105","66","103","208","73","109","196","123","163","149","66","62","86","122","70","65","60","63","112","87","56"
"199609","130","78","68","77","33","112","","88","63","","63","68","58","60","","","112","61","185","","","","125","119","92","122","88","","67","79","104","66","103","208","72","109","195","123","162","149","66","62","86","122","70","65","60","63","112","87","56"
"199608","130","79","68","77","33","112","","88","63","","63","68","58","61","","","112","62","184","","","","125","119","91","122","88","","67","79","104","66","103","207","72","108","194","123","161","149","66","63","86","122","70","65","60","62","112","87","57"
"199607","130","80","68","77","33","112","","88","63","","64","68","59","61","","","112","63","184","","","","126","118","91","121","88","","67","80","103","67","104","206","73","107","193","123","161","149","66","63","86","122","70","66","60","63","113","87","56"
"199606","131","81","69","77","33","111","","88","63","","64","69","59","62","","","113","63","183","","","","126","118","90","121","87","","68","80","104","67","105","205","74","106","193","123","161","149","67","64","87","121","70","66","59","63","113","87","57"
"199605","131","81","69","76","33","112","","88","63","","63","69","59","64","","","113","63","183","","","","127","118","90","122","87","","69","80","104","67","105","203","75","105","194","124","160","149","67","65","86","121","71","66","59","64","113","87","58"
"199604","131","80","70","76","34","111","","88","63","","62","69","59","66","","","113","62","183","","","","128","116","90","122","86","","69","80","104","67","105","201","75","105","194","125","160","148","67","66","85","121","71","66","59","64","113","87","59"
